{"cameraMode":{"drawMode":0,"name":"Shaded","section":"Shading Mode"},"sceneLighting":true,"audioPlay":false,"sceneViewState":{"m_AlwaysRefresh":true,"showFog":true,"showSkybox":true,"showFlares":true,"showImageEffects":true,"showParticleSystems":true,"showVisualEffectGraphs":true,"m_FxEnabled":true},"in2DMode":false,"pivot":{"x":-0.5000000596046448,"y":0.43338286876678469,"z":-0.5000000596046448},"rotation":{"x":-0.030814465135335923,"y":0.732163667678833,"z":-0.03319666534662247,"w":-0.6796220541000366},"size":0.8293496370315552,"orthographic":false}